concurrency,runs,requests,mean_decode_tok_s,decode_min,decode_max,mean_phase_tok_s,phase_min,phase_max,mean_decode_per_stream,ttft_median_s,ttft_p95_s
1,2,24,7.959989294843007,5.676967862223407,10.243010727462607,6.979895530322784,5.19460681227384,8.765184248371728,7.959989294843007,2.181649923324585,2.4145608067512514
2,2,24,4.533100088382584,4.514425958542534,4.551774218222635,4.372939661915408,4.342094516997388,4.4037848068334275,2.266550044191292,2.0647131204605103,3.034853756427765
4,2,24,9.158301145030464,9.13549664891551,9.18110564114542,8.644398862866272,8.598358036505088,8.690439689227457,2.289575286257616,3.3081440925598145,4.033862698078155
6,2,24,13.887655075516644,13.83506086835002,13.940249282683268,12.803489030488636,12.776968649762628,12.830009411214645,2.314609179252774,4.199558854103088,5.488803482055664
8,2,32,18.59619901841775,18.569429276904877,18.622968759930625,16.858724465993674,16.853565515575006,16.863883416412346,2.3245248773022187,4.548524498939514,6.234758722782135
11,2,44,23.279158455507847,22.981689806298405,23.576627104717293,20.864803417080587,20.58270667732155,21.14690015683962,2.116287132318895,5.467356085777283,7.636090672016143
15,2,30,24.604266190057004,24.57501702670127,24.633515353412733,22.116879847835918,22.00779532738382,22.225964368288015,1.640284412670467,6.052471041679382,10.1135737657547
22,2,44,33.86868165120492,33.23554920217761,34.50181410023223,29.257806990061802,28.62714115195412,29.888472828169483,1.539485529600224,9.711769461631775,14.511088752746584
32,2,64,38.31320247509764,38.14263941682774,38.48376553336754,32.477801297177066,32.27383618477039,32.681766409583744,1.1972875773468012,13.436011552810669,21.902964782714843
48,2,96,45.33477334104261,44.664002337257195,46.00554434482803,37.680269187992096,37.12359052397823,38.23694785200596,0.9444744446050545,18.84963858127594,31.552937388420105
64,2,128,53.59932143641112,53.45477173399427,53.74387113882796,42.41386597200848,42.29596633062803,42.531765613388934,0.8374893974439237,25.10172390937805,46.41499705314636
88,2,176,60.286375128761485,58.86086641981964,61.71188383770333,46.874876421073495,46.026388446069404,47.72336439607759,0.6850724446450168,34.611480474472046,64.7450116276741
96,2,192,46.84654328700334,46.427752366765695,47.265334207241,39.78808406713199,39.08711494456347,40.48905318970052,0.48798482590628484,38.936896562576294,71.30585045814514
128,2,256,50.100010025783085,49.837589549542656,50.362430502023514,41.61051280658852,41.431046436706936,41.7899791764701,0.39140632832643035,55.11071693897247,108.72686177492142
176,2,352,57.715691508183454,57.49329664006262,57.9380863763043,45.24255066486424,45.117251792983694,45.36784953674478,0.327930065387406,76.83401393890381,165.3357069611549
